epoch,time,train/box_loss,train/cls_loss,train/dfl_loss,metrics/precision(B),metrics/recall(B),metrics/mAP50(B),metrics/mAP50-95(B),val/box_loss,val/cls_loss,val/dfl_loss,lr/pg0,lr/pg1,lr/pg2
1,152.322,0.93235,3.44476,1.22676,0.73973,0.76739,0.66127,0.0769,3.41165,2.82026,3.48113,0.0099729,0.0099729,0.0102439
2,307.101,0.84844,2.48691,1.18401,0.87057,0.92,0.91628,0.19175,3.09456,3.13637,3.09511,0.0067,0.0067,0.0067
3,464.203,0.70557,2.18873,1.10882,0.82404,0.39,0.78528,0.15631,3.14666,3.10552,3.18099,0.0034,0.0034,0.0034
